t-SNE Dimension 1,t-SNE Dimension 2
-31.81564,1.196262
-32.625175,-0.9840567
-32.336918,2.4715152
-32.255924,3.0252643
-31.371408,0.053930633
-32.58584,3.683744
-32.42751,1.057335
-30.96872,1.9657714
-32.72441,4.0984025
-31.901287,2.049621
-30.83009,-0.32739887
-31.968857,0.6107001
-32.19492,1.960202
-18.37761,-22.55226
-7.991054,-28.327156
-16.492846,27.439365
-30.503712,-5.313854
-27.626781,5.51063
-6.121549,-27.948555
-9.531492,22.769623
-3.9815345,24.908062
-9.233218,28.973122
-16.006945,2.6171105
-10.911056,-17.514103
-10.909473,19.349606
-12.18964,17.768185
-10.6775465,17.199547
-15.091964,1.122084
-14.691695,1.3511128
-8.570857,-9.555026
-9.812317,12.251495
-6.7233973,-3.1467798
-2.580417,-20.332422
11.350119,-30.76133
12.2106695,-31.403227
10.16911,-7.8750772
14.006823,-31.486473
18.555307,-20.619411
21.253025,24.524193
15.361151,-26.49234
21.279804,24.463898
16.735754,-29.41725
16.066849,-25.805977
37.884693,-13.708039
41.37574,-0.15034148
37.02527,-13.294593
38.68291,-13.358755
43.626667,-3.2333019
39.197258,-13.056787
43.803585,-4.5338087
40.73821,-11.179292
42.25181,-6.564483
41.602886,-9.870423
41.6924,-9.583603
45.13109,-4.526545
43.317886,-6.4484434
44.386837,-5.3012815
42.880787,-9.288437
44.16577,-6.6069303
42.588734,-8.416034
42.40414,-9.976225
43.733635,-7.2500434
42.92174,-8.600611
44.920513,-5.076085
42.975563,-7.3826556
44.070297,-5.936726
43.47864,-6.418972
42.0157,-8.809576
42.97145,-5.6393657
41.096622,-9.14886
41.02199,-7.6550503
42.531673,-4.4507
40.449406,-8.786222
40.233868,-9.102193
40.755913,-3.7293034
39.653755,-4.394441
40.18109,-3.7349505
40.60486,-2.4285882
39.537243,-3.4687493
40.635254,-1.8013604
35.717865,-11.0189085
35.856377,-11.472723
38.463512,-4.7882805
37.18279,-4.5024285
34.888515,-9.167797
38.446358,-1.2581295
39.197727,-0.08091994
35.033073,-7.829222
34.381626,-11.263895
34.102787,-11.321402
37.6796,-1.148777
35.015644,-4.342235
40.86897,1.0876187
33.925533,-8.709363
37.833813,-0.56894994
32.241554,-4.87061
35.419422,-4.841588
39.581387,1.7321559
38.36638,0.42517313
35.796852,-6.92557
35.034615,-6.0916004
35.044678,-1.1479806
35.762062,-0.8103959
38.577805,1.4791226
32.074146,-2.225036
39.240124,1.2934483
36.6215,1.2570757
33.09744,-10.278491
32.26854,-10.05914
37.311764,-13.670015
38.319378,-0.24938583
36.810493,-2.5249317
37.080868,-0.59197956
34.058468,-7.3568945
33.48392,-4.558746
33.492893,-8.022907
34.690117,-4.7216086
33.4127,-3.6113136
33.671883,-11.841411
35.688133,-1.7780193
33.46172,-10.32126
37.155388,0.27722573
36.470654,-1.8739734
35.2919,-5.910838
34.81119,-2.8687255
35.02917,-1.9012523
32.63599,-9.367652
34.06983,-3.8630211
31.977577,-9.31851
5.5252824,12.803301
4.1978693,-13.6053295
12.831775,24.401012
13.051987,21.919039
4.9235454,-12.624473
4.7398105,6.1876607
8.402904,-6.128732
5.252668,12.688273
5.146356,6.3061037
4.2474475,-13.133324
2.304119,-12.518042
3.8374207,-0.44993287
5.8900113,-14.626578
11.932333,23.658743
2.598695,-7.112298
2.244426,-1.7863599
4.364754,1.050916
2.631908,2.4597566
7.2226996,15.622513
3.0332608,1.4316688
6.295468,11.283099
4.72871,13.673603
6.250985,-10.35997
3.695991,5.738433
1.8700035,-5.453174
0.8229081,1.7825526
3.2019567,-1.8396286
1.0558177,-5.470298
-2.8695316,-6.985613
1.1526669,-5.7681503
-0.6357892,-2.5481186
4.3865347,15.04707
-0.68964505,-3.1754873
0.9992001,-3.6947412
-21.51598,18.448936
-6.3182745,26.756927
0.723762,-8.748191
-9.306234,13.919765
5.5550785,27.397696
9.472035,-31.544573
-1.3418946,-13.719121
8.915708,-29.66613
9.834061,19.96621
2.611823,-27.737738
0.93189406,5.936452
9.969857,24.201067
5.368377,-1.5806637
3.9066417,10.143088
3.686647,-16.877077
3.9981046,-25.832644
7.105816,-27.388565
5.7520657,2.7962244
10.310695,-27.52486
8.650509,1.8932451
12.040499,18.282036
14.435789,22.246077
10.669541,-7.1252885
6.628873,6.462201
5.7425694,2.0997481
4.5013523,10.452042
12.4893875,23.516943
2.0463412,-12.615916
11.75886,23.500383
9.669812,26.010052
3.5161583,-0.98079526
4.1731496,4.8010974
2.3368886,-7.6694703
-2.3019106,-6.5060396
1.3866845,2.6954343
0.65234125,-1.35707
2.1684487,-28.70499
-12.552525,14.7947445
-2.5044034,-8.911101
4.14152,14.985755
-12.975956,15.71503
6.847908,-29.099045
2.1739037,-8.425297
11.792502,-31.89258
7.312211,16.01711
3.605161,-14.001691
14.371968,26.333487
13.918364,24.10292
13.113281,7.733849
14.141892,21.55459
9.858008,-5.8549805
40.145912,2.6017284
35.40399,1.9152453
34.5686,-6.333581
33.215168,-9.064086
37.731884,0.60520935
37.400364,1.0166736
32.470345,-4.50141
31.95499,-7.320604
34.428894,-3.4246862
33.122345,-5.7266765
36.022835,0.42055374
37.601017,1.526756
33.167946,-6.5828624
33.89957,-5.185695
32.88445,-7.8640604
34.675358,-1.351012
32.620625,-2.2885516
33.189922,-2.1442268
34.56296,0.0013036034
32.344105,-6.3851213
2.5763211,1.5213488
3.428794,-13.654692
-2.7581525,-5.174179
-0.83785194,-7.7914906
1.1727751,-7.2246776
9.2834635,26.811049
-1.3883061,-4.6252394
-8.565969,17.428349
-0.56909436,-4.6683517
-3.323824,-5.42484
-0.4991672,-4.6571956
-22.186056,17.091589
-22.598583,-0.37434465
-21.98068,-0.95310295
-15.994178,-15.656432
-24.19099,17.583458
-18.607794,24.275263
-3.7904024,-29.928848
-5.883583,28.14501
11.965652,27.915272
-8.592076,14.495253
-12.396938,3.32669
-4.18274,-6.3336916
-21.559816,16.534689
-1.6253964,-9.573975
-21.641754,15.635625
-0.4094992,-10.617419
-9.707349,13.79118
-8.017306,18.065355
0.027955785,-6.00008
-1.8643104,-8.69118
-0.7744942,-10.93561
-0.63165975,-9.631096
11.372867,-29.450407
9.080516,16.973854
8.722088,-26.272831
13.638601,18.720549
13.370523,19.224932
5.1645775,-10.114578
9.737311,15.969734
7.470664,4.9805574
8.271949,15.882121
8.157004,1.3641324
8.445314,3.3220847
5.989514,0.15563446
8.186109,5.1250267
6.3755646,-9.746078
9.624336,0.88092446
9.251205,-13.256102
7.5534906,14.121604
4.2917576,-10.661644
8.961538,3.363316
8.206381,16.417477
11.117512,-28.66683
8.391869,-7.927421
14.948998,23.64896
3.8329206,-15.524698
0.5359665,-15.189716
10.636381,-21.604677
16.50948,25.117466
5.3833365,10.197629
13.109808,7.827936
7.6475115,11.097348
0.92573774,13.478834
7.317076,9.821259
13.448855,14.304128
10.833637,-8.011778
9.413221,5.8493943
12.120946,-15.785272
9.850409,-4.8696423
14.268548,5.97041
8.812388,-20.263138
9.07262,3.0232913
7.946631,11.715138
15.025827,20.04296
8.940295,-13.6564
6.489664,-9.398064
6.043714,-2.7229044
7.036473,19.36294
4.1179957,20.422848
-5.8170004,-2.2728927
-4.5326233,-8.676463
-12.714233,6.0953717
-11.61893,17.561184
-17.153889,-0.65679353
-14.366099,2.1016796
-20.440956,15.719495
-8.259008,20.248228
-15.226966,19.792702
-18.011091,-11.409876
-7.4833198,-15.968055
-4.7726455,27.583801
-15.602462,-17.400354
-4.404413,26.176493
-21.720108,10.745883
-25.662941,9.230098
-26.179869,8.563016
-17.622425,22.520685
-20.984238,-10.502368
-18.155426,21.57246
-19.384594,-5.986307
-22.431635,12.266482
-17.357832,21.594799
-5.1287622,26.800468
-17.03686,-7.720045
-11.586489,-26.974714
9.1536665,-30.35962
6.2964163,26.368608
5.9529757,19.217972
-4.757063,-9.674264
-6.136158,-19.750523
-10.131882,-13.181469
-7.3608255,19.141596
-6.8749933,-2.2705379
-5.36678,16.92791
-10.141189,-13.125976
-17.759901,13.379477
-18.158941,14.224849
-16.96256,0.39707324
-21.33483,15.516171
-18.896671,-1.9930656
-18.791119,-5.34685
-9.709648,19.818161
-16.54218,-14.200344
-20.622995,10.905854
-22.780499,-9.142557
-25.926226,-5.584178
-29.292486,7.2770176
-28.801321,-6.237986
-27.614674,7.2381687
-16.472748,-23.85727
-27.237629,-9.077828
-4.859431,-30.729042
-2.2969043,29.935812
-29.087635,-2.9230862
-32.147354,-3.8197913
-22.083939,22.694183
-20.023586,23.441996
-26.909826,-7.513848
-29.89242,-3.6687863
-27.370419,9.549117
-20.587435,23.211533
-28.485563,-2.3853364
-26.715101,-8.627931
-26.435322,-0.1679863
-17.873991,-21.493965
-3.4477432,29.780535
-28.100992,8.951702
-18.464111,-20.85436
-25.62926,-1.9811782
-25.197405,-2.5445285
-25.183685,-9.701016
-5.3312445,-31.223612
-2.95804,29.90242
-5.466828,30.722935
-27.205667,-6.99755
-18.619427,25.287079
-27.101553,11.943224
-25.059298,-2.5823362
-31.714231,-3.5107942
-22.068176,21.854101
-27.378609,-4.6808786
-23.09811,-3.250071
-21.894459,21.557604
-19.661486,-20.768497
-22.988224,18.96642
-22.723902,18.293116
-22.79165,-3.250991
-22.300901,17.634638
-22.226294,19.834856
-22.619375,-2.6749368
-24.168854,-1.3003523
-24.915133,-1.1442174
-21.603941,-10.530265
-14.846207,-24.283499
-25.956055,-6.9177904
-20.175362,24.432772
-24.937233,13.992449
-24.674782,13.671682
-24.80565,16.551966
-17.811344,-20.129433
-6.0985737,29.190063
-26.509468,-6.4813414
-27.78806,6.3437266
-26.563976,-1.9740952
-20.747185,23.64845
-29.650724,-5.4430604
-15.769795,-24.298157
-26.233707,-0.97847044
-33.0043,-4.261699
-16.678375,-23.455883
-27.079224,10.80636
-18.292793,-20.256859
-6.514171,29.391691
-30.10664,-4.5584717
-16.69893,-22.24374
-7.633407,-28.254747
-30.168114,-5.073841
-5.626993,29.354023
-4.663426,29.608269
-27.649197,8.618732
-22.633438,14.71366
-5.8542967,-26.232534
-25.141489,-0.4016424
-3.9273903,-30.059662
-4.7920613,28.7653
-2.9353602,-16.660625
-6.4597616,24.881039
-23.926802,-0.4950109
-6.396351,24.895773
-5.3145494,-7.175252
-15.66009,-16.01399
-20.980816,-2.266397
-20.53674,1.3160057
5.075736,26.348303
-15.515031,14.763267
-16.105207,9.79153
-11.941943,19.64679
-16.518665,21.597319
-13.653746,5.070009
-17.890757,-0.20835197
-18.904028,10.446228
-22.012177,-4.6623173
-2.6725116,-28.46239
-6.4236417,23.850943
-14.041528,4.17045
-23.471857,16.24072
-19.541695,1.5800827
-14.534922,17.410265
-13.057256,7.142207
-19.914276,16.966753
-16.120157,11.029761
-15.65967,0.7269459
-3.1256583,-18.971966
-16.78204,11.545432
-9.774044,18.789995
-15.79105,-1.6853147
-12.689943,6.4223275
-8.732919,-10.096488
-11.415016,-11.559133
-11.134186,-14.225796
-18.072056,16.940313
-18.049267,17.731419
-16.011415,3.7983396
6.794811,-29.042364
-7.5289145,18.914007
10.867234,-31.938543
-1.881747,-23.596142
13.437614,26.522364
7.254703,-15.108086
9.043238,26.004463
8.947132,21.4831
3.5901139,2.7518833
3.777787,-15.75025
4.8000093,4.664882
8.049457,-13.5864315
3.3150673,-15.684205
9.6296215,19.14664
8.768571,-15.469583
3.5918915,-26.160364
8.404987,-23.126747
13.129112,21.001099
6.400361,4.943396
7.803377,5.314369
11.125127,18.222424
9.197723,0.8255331
-6.2585034,2.6407206
-8.165515,-8.31352
-15.023315,-1.7914809
-2.3866649,-12.877496
-19.840084,17.953287
-4.066972,-22.750532
-18.523455,13.822696
-1.3521836,-15.804893
-8.921815,-11.066226
-1.4567606,18.266895
-8.40644,1.2341636
-1.2977571,-16.019718
-5.3950453,-10.572613
-3.8687887,-25.615868
-6.143016,-18.50965
-2.3934495,-24.803514
-3.3919716,-23.676565
-4.3144603,16.667645
0.14815578,-16.136856
-4.578428,-13.824117
-2.3843434,-19.24496
10.564261,20.648499
16.204334,18.362701
10.591702,7.207646
13.403877,12.241386
11.761639,-21.647392
6.6995883,-6.269674
12.794603,1.8773599
11.62516,11.856445
15.869898,18.005707
11.768584,-25.976181
12.109923,-21.503494
13.55028,-9.182966
16.779202,16.759369
13.297365,3.3233023
12.160347,-22.384304
13.5856695,-3.642861
14.162697,-16.224398
11.809974,-24.988476
15.638853,14.710685
18.630508,24.883768
14.474335,-10.23666
9.943834,-24.248938
17.910275,22.04086
12.3378105,-13.615733
11.550633,-13.91357
15.942949,-28.32918
19.625166,-19.317959
19.864975,18.390759
17.07274,-12.231879
16.472477,-16.795115
14.247314,-13.384333
19.49396,19.66979
19.764914,17.80175
19.148388,12.112423
18.874699,9.913329
17.771048,-11.817235
18.894535,8.926576
16.24433,-17.603184
18.397621,12.075184
7.9617743,9.722439
14.78806,6.0576534
14.882627,17.528149
13.212058,-15.003988
11.009082,-24.14829
7.859196,7.695337
7.0061316,-2.9404361
7.9149537,-17.990469
8.985346,-16.748972
-4.7197027,3.3353822
2.2548432,8.5339575
1.4768902,-22.146553
-5.993494,-9.633957
-1.5088152,18.811535
-1.280558,-16.947647
-4.62493,-11.952562
8.036473,22.29571
0.14230293,10.582101
-1.8975241,-22.493992
11.523143,-30.600307
6.2158585,-1.4229432
10.621091,-29.561468
11.557468,3.568679
15.780536,18.697313
13.630225,-30.280867
14.913383,-1.4241458
14.842918,9.617329
18.760582,22.918104
14.83158,-28.907545
16.186039,-15.170785
15.57452,-28.167719
21.395943,4.7033763
16.837788,-15.419013
19.341366,6.983641
20.928532,18.43971
18.409006,-13.529266
20.9338,17.12504
15.525803,-30.457964
21.096989,5.2355075
20.207117,5.6883683
21.16262,11.459387
19.779032,-13.31485
21.24406,9.99003
20.930712,17.625538
20.890835,19.255478
18.61309,-16.356644
18.313488,-16.182495
20.649775,18.375837
17.201502,-16.585136
18.119387,4.7135806
16.162539,10.55244
13.206045,-24.714827
13.302222,-26.291525
15.331407,-27.934881
15.162313,-30.232285
19.405638,-17.819986
18.693178,10.528995
15.820813,-28.983948
18.994377,7.6913366
20.374315,14.225106
18.29967,-1.8164355
15.430149,7.0084305
19.847673,22.764666
17.690176,-10.973618
16.031874,-18.266424
18.283978,-2.3899493
15.051898,-13.060823
19.926146,13.253938
13.953867,-6.2016807
18.305305,-1.5904791
18.131676,15.652911
15.933599,-11.416291
14.502493,-14.201543
16.542965,-12.948831
12.179393,-7.67236
11.095402,-7.318636
15.126638,22.01517
7.623773,-10.2276535
17.347404,22.981354
0.4456971,13.398542
12.374844,13.838819
9.765525,-15.254912
2.6690614,8.867029
7.3822684,-17.051605
16.490917,19.253887
10.675385,20.06379
10.872263,12.298018
10.527111,-3.3846233
4.379399,-19.826548
12.525056,14.928754
8.803208,-3.4218426
12.111067,2.8509266
11.306903,2.969335
10.6303835,-16.02479
16.20052,19.557842
10.578887,5.5930443
11.779439,19.563812
-4.1377115,2.4064896
-0.55176914,7.160012
-0.089623295,-20.31196
-3.8306868,7.147507
-1.1659632,-22.034073
10.102404,-28.987755
6.142983,-8.283599
-5.161968,6.1274123
6.389645,21.641544
12.519966,-30.531967
0.26130068,-18.962671
1.2081378,-26.097326
1.9336894,-19.384123
-5.351828,0.9046705
-4.1453385,-14.363447
-9.252837,-8.081932
15.471553,25.279915
-2.4529846,17.78846
6.3326025,21.055187
0.39046606,21.488573
13.450983,-31.04179
10.2024555,-1.4903226
4.3991656,-21.591673
8.299789,-22.114883
10.471846,11.19847
10.143873,-26.104078
9.590737,-25.462545
10.0477705,-22.274366
7.8454323,-25.658823
3.6660285,-27.135899
8.049327,-9.740226
15.312054,23.419855
10.602107,-26.870478
5.36907,-22.349451
18.55746,23.684322
19.474388,23.143595
11.132622,-10.319298
18.458292,-20.237274
13.363914,-28.223602
13.557426,-14.178163
12.251106,-14.671771
10.567535,-10.522701
17.681633,24.806425
12.788726,-27.87305
19.355848,21.158604
19.673424,13.454808
17.206497,-18.13607
17.973896,-19.3437
18.600277,21.726606
19.294102,12.689776
19.559086,20.080816
17.87985,-10.06706
17.942425,-10.334055
20.175234,21.209703
16.574982,-12.436737
17.305569,4.0805864
14.24755,-27.625313
17.282099,-13.573977
19.125446,15.229137
18.505537,9.081158
18.001467,8.005643
14.23152,-24.547123
21.58201,22.846565
22.153326,9.547325
18.830996,-15.876277
20.51326,9.188321
19.406717,-13.886522
18.612291,-15.033902
21.001156,7.783582
19.807013,3.0824664
20.669384,10.497835
19.510447,6.3729353
19.144146,3.8397188
14.196505,-24.269062
18.212389,3.7247386
21.060806,20.230179
18.811787,5.810668
17.551924,2.5596898
13.65491,-25.095438
15.707331,-16.005747
17.569176,2.0844526
17.228682,8.721939
2.5460694,-20.041162
5.765601,24.26614
-3.9668653,17.65316
0.7960682,-19.570734
9.999071,-30.011482
1.2674668,-24.862099
0.35867903,-20.543604
-8.152355,-0.44232053
5.870863,23.825571
-1.083057,-21.430511
-0.9641037,9.09042
-8.914169,-2.4870784
0.06466574,-26.537424
7.6158304,22.21669
-5.7321415,-12.9067
-12.1412525,-6.939235
5.3044844,22.637697
1.5680073,-23.781134
15.654821,25.340946
5.2523813,-4.0314054
-3.0686462,17.453522
4.825589,21.552433
-3.9373205,8.60627
-3.211746,4.2440467
-11.291692,-10.746649
0.75131834,-28.869465
-0.6012024,-24.204132
7.9358835,21.864897
-0.50445765,17.19582
-8.387633,-3.16066
-7.840159,-1.1581478
-2.3105931,17.441843
-2.9980593,3.6966784
-1.0058296,-20.733215
7.251718,23.492264
0.59243834,16.022007
0.40385517,15.867122
2.2469654,-22.238844
-0.529749,-19.522984
-1.5114704,16.904713
2.0414512,-21.406612
3.262028,-20.989294
0.8641195,8.795349
11.802519,15.585362
6.2016215,-5.9977584
-3.9751825,5.9526415
0.6195806,-21.322067
-4.676374,-0.28154546
9.917397,-29.218655
9.467239,-1.8983808
-3.1044261,6.18309
1.346059,-21.061523
-2.614241,5.181179
5.6037116,-5.8170047
5.6240444,-7.6983223
2.022015,20.335428
4.392986,23.137638
-10.091919,-6.7367144
-0.59362423,-28.703697
-15.678486,5.3052
6.042055,-30.177204
7.218717,-30.32045
-6.257201,-16.246716
6.3269095,22.662249
-5.6968007,-16.590439
6.9582143,20.719328
4.981085,-27.993273
8.660966,25.907972
6.7719665,17.17595
8.24955,-28.676888
2.3749354,-4.7394595
5.6541224,7.926349
1.585775,4.2340703
1.1799059,1.954969
10.967954,23.80636
3.845951,3.276445
10.921329,23.17186
1.1113839,1.6345649
1.4306105,-10.701679
7.8047547,-15.231627
0.7245379,-1.045285
-11.755697,14.443746
-12.671279,15.0497875
-2.757438,-8.49555
-8.585119,18.578722
-4.3584156,-6.3170485
-15.827081,20.707382
-19.262457,10.984842
-19.740171,-3.3441598
-16.864264,-13.913355
-23.550245,-5.062423
-23.965975,5.1357155
-5.193994,-24.290668
-12.528222,-26.132427
4.6400023,26.221859
-2.5836804,22.635246
-15.787223,-0.0013894547
-1.3219247,-27.658
-11.141622,-13.372032
-6.207391,-18.45022
8.228246,24.61805
-10.451121,-9.579861
-6.4666343,-10.368108
-11.903016,1.2043151
-9.466265,-11.737876
-7.8178577,0.95440495
-4.380921,11.966765
1.3513726,-27.579546
5.9089174,18.095657
-1.6928502,15.849373
-8.496248,-7.7065434
-2.3430133,4.366127
0.6798237,-23.014288
-0.03924864,-25.893593
-11.032208,7.6164865
-2.760916,15.908786
-10.947807,-9.715613
-6.0592504,-18.20652
-2.5503068,19.75675
12.757822,26.895481
-9.53633,-6.9187255
-18.63527,14.975519
-19.374748,17.94686
-11.919226,1.1061248
-10.884991,-8.649955
-4.0220895,15.637163
-1.8219867,20.429298
-12.835309,-9.349551
3.5200315,23.875854
-10.514544,-4.166528
-10.134394,-24.159113
-9.828744,-3.3610806
-11.950623,-12.832048
-10.576674,-23.866692
-16.730997,19.429407
-3.8370287,23.955893
-15.985874,8.899735
-11.801965,23.821611
-9.247845,23.715757
-25.185633,6.071896
-19.806171,-10.362685
-13.619364,-20.525732
-23.755142,12.218429
-12.673604,28.845257
-9.409975,27.75184
-20.860292,4.9990067
-19.973763,6.5191627
-23.291958,-9.285359
-21.544678,10.311328
-24.76231,15.655752
-18.31286,22.254982
-16.544575,-6.919831
-20.690847,0.22452559
-24.563467,6.4970613
-19.609194,4.4914846
-24.835178,6.712874
-13.155865,-24.580101
-17.58504,6.306899
-20.400593,12.196248
-14.321276,-12.283382
-3.4010212,-20.02284
-5.418693,-12.78719
-5.3169737,-13.062053
-0.64032835,21.648788
-7.314378,-11.888997
-9.8068075,-5.6209536
-11.56671,-8.655333
-11.110866,-3.2889984
-12.315012,8.211569
-0.88267344,-27.590786
-8.62045,-18.862638
-9.514506,-20.334446
-13.875463,-2.0796196
-12.655244,8.987171
-13.302958,-12.690825
-6.036763,21.695602
-8.490749,-21.982557
-13.176211,23.007095
-13.151059,25.515877
-6.31363,22.52957
-20.821081,6.2951794
-20.22134,-17.613676
-23.783957,11.041186
-9.861135,-26.973093
-20.859325,-14.065865
-19.780014,-8.63962
-25.691963,4.4623213
-22.344582,4.45085
-26.501713,4.077262
-23.018473,-8.0230465
-9.490523,27.090403
-10.393262,-21.876793
-21.282532,-13.523016
-20.992296,-14.044007
-19.636913,-9.424513
-5.3831444,-27.376112
-19.99478,-15.922028
-22.70678,7.839574
-5.14475,-28.763245
-22.227556,10.420437
-13.118303,28.38789
-17.538404,-14.152301
-13.086751,-27.141476
-6.815401,-23.630669
-9.41576,21.90403
-18.182344,-16.030563
-8.41621,23.467585
-16.96742,22.105846
-10.851846,23.40519
-18.800232,2.8517764
-4.292487,-28.578318
-17.93538,-7.559879
2.6976435,25.160002
-16.932533,15.423982
-3.6226604,-25.586641
-1.6352127,-26.167135
-1.7759866,-25.351093
-9.707213,-14.166111
-13.970652,20.22821
-3.2418125,-21.650223
-8.2643175,-3.4224195
2.1759815,-27.037666
1.1837087,21.603542
2.3063266,21.176561
-4.775772,4.8247886
15.83508,24.28585
14.841703,18.298492
11.414572,-3.7438812
8.389935,-3.4497898
9.475478,-3.1639514
3.7454834,-20.551449
12.553964,15.9875555
10.0597515,-2.1277857
17.7379,23.466038
11.745634,4.802414
11.871984,-2.441157
11.0239935,6.1501846
-2.3686032,6.243913
11.802048,-1.8106735
-5.0233116,4.833745
-6.079453,4.4833975
-10.8375225,-9.193764
-11.1043625,-7.1077323
-9.622329,11.452181
-15.021229,21.132988
3.1780167,25.925787
-18.338976,-3.1508439
-12.809032,-20.417564
-19.38153,-0.84758776
-18.934938,7.3379817
-22.585299,11.301703
-8.77431,23.859133
-20.608845,3.8894384
4.180446,27.939484
-5.3145747,31.745708
-13.881566,-25.834513
-19.09817,0.72748595
-11.722047,23.373217
-3.6054688,-28.892084
-5.124739,23.600573
-18.230717,0.8726081
-13.214438,18.069954
-17.490946,1.6998233
-18.716505,-0.20649013
-17.229382,-11.567744
-16.513716,-7.233402
-4.3269753,-24.390587
-15.4494295,-0.5196379
-19.582565,12.616043
-6.5607214,20.482233
-12.132952,-13.570344
-16.4256,5.5075827
-15.905693,8.768468
-19.59277,-2.1240456
-15.38507,-19.935534
-14.578315,-20.664703
-13.512559,28.993423
-12.93214,27.745985
-20.866446,6.966941
-23.91247,3.412342
-15.098956,-22.996006
-10.148461,27.073261
-18.313246,-3.377532
-11.999714,25.902859
-17.019907,-2.902642
-6.2273617,-24.342001
1.3548048,25.792816
-14.907549,9.485378
-12.133234,-25.575157
-13.330765,21.48337
-8.952407,9.916317
-10.607917,9.700421
-9.476319,8.984302
-17.039007,18.540916
-2.8777869,-26.250818
-2.3325226,18.626375
1.5327784,22.963
-6.656395,-9.976314
-9.0884905,-5.4006963
-0.72993475,8.123766
-0.5983767,16.424858
-7.0390267,3.8444421
5.094672,-6.381152
-6.454033,5.2896075
-7.6859155,2.5178533
-6.8795614,9.138577
-4.8924007,14.824563
-9.45253,3.2405431
-1.5169152,-17.044563
-12.394054,21.440746
-5.013625,19.711487
-12.172813,-3.8703403
-12.908512,-2.4139707
-9.60558,9.850348
-14.178913,-3.88924
-11.859783,-21.48659
-14.267376,-4.407282
-18.769987,5.4372582
-14.397825,23.79879
-13.929787,26.633757
-13.510187,26.37535
-13.24125,-19.210602
-19.444595,-13.778322
-20.542315,-14.717974
2.5926557,28.19221
-14.884646,23.21884
-13.607803,-21.87105
-9.9648905,-21.769463
-22.568863,10.126859
-7.9153905,-23.067226
-12.515089,26.400562
-22.638758,5.1057053
-21.434067,3.291624
-4.9178257,-28.018438
-14.78018,8.6883135
-5.192717,-25.782084
-9.237644,-21.528423
-14.8548155,-17.646227
-18.663832,-7.0678024
-18.553995,-5.927469
-16.300179,-6.297603
-10.793201,23.943317
-6.8729696,21.76306
-17.424458,0.8819897
-14.612234,-12.783214
-12.931722,8.581403
-13.753791,21.326286
-3.2183402,-24.637453
-9.907298,-5.372828
-6.347866,8.776253
-4.034486,18.224014
-2.8074777,18.584047
-5.505034,1.4207873
-9.441384,-1.196774
1.6617367,22.12358
-7.6663804,3.8236685
-11.450535,-7.518001
-8.147606,9.252416
-4.787881,19.24691
-10.608566,-5.1120286
-11.447474,-1.2997891
-12.10347,9.35496
-12.58778,-4.9168167
-13.08655,-11.49417
-1.121192,-29.080927
-7.411531,10.740686
-11.901342,-24.58685
-9.197407,-25.179905
-18.252388,19.677195
2.3302915,28.48729
-13.264286,-14.504735
-22.17766,-6.628833
-6.353338,14.435754
-15.741605,-11.847213
-18.736616,-14.664118
-18.661924,8.104835
-13.695619,-13.872166
-6.5360603,14.364759
-16.172092,-11.796319
-13.406339,-15.290337
-12.499499,24.638823
-17.88747,2.9914412
-15.982301,-3.0619094
-17.71527,4.2829986
-18.276106,19.98139
-12.824176,-25.57064
-15.164035,-13.52581
-18.537264,3.911651
-24.15564,8.474145
-13.810248,-21.202482
-21.411123,5.8152285
-21.690298,7.9673486
-24.17885,-6.3818593
-22.886372,7.5657897
-20.763353,-12.8578825
-9.775271,25.538408
1.5050621,28.306116
-9.68517,24.267532
-23.33844,10.280219
4.0089335,26.696993
-16.21688,-7.657769
-9.486141,-20.635214
-11.578272,-19.103474
-5.552684,20.797003
-10.350103,-10.901285
-4.5379567,-21.10712
-8.236778,-1.9796275
6.4004583,24.341806
-5.093806,3.4331844
-0.08275426,8.381793
-1.2662959,14.099705
9.478589,-18.201193
9.513241,-19.329727
12.515495,-27.254171
15.857878,11.5018
14.456345,-15.354245
17.579971,17.606354
16.589323,3.4998899
14.665593,-9.830907
16.412886,12.68444
15.330681,3.0083823
16.892603,16.369448
15.478158,3.15487
14.63852,10.725109
12.669981,-3.309277
13.652988,11.182353
12.582107,-0.010439184
10.4641485,13.47895
11.497902,0.10582556
-2.7157736,3.0361369
-8.125142,-4.560214
-6.296884,7.643222
-11.570696,21.750505
-4.8250995,-21.304087
-13.692074,-5.978862
-12.906001,-19.429953
-7.5930195,-23.593824
-8.7628,25.382683
-23.505539,-6.4033585
-13.821432,9.589044
-14.088127,23.543201
-10.078508,26.057596
-15.022516,23.644579
-23.078041,11.104374
-19.193974,-14.655253
-2.9276586,25.159294
-17.82482,-10.243375
-14.306344,22.894642
-18.629633,8.854954
-12.405194,-19.325645
-4.2871575,21.407269
-16.529278,-2.1558225
-18.40487,-0.68605936
-18.283722,-9.410317
-20.287354,9.235638
-17.662153,-17.320543
-24.829172,15.500987
-13.937214,-24.010765
-21.636799,2.6496763
-11.604931,25.07234
-18.002848,-16.323376
-9.375403,26.45785
-10.179052,24.394955
-19.40702,-7.9338293
-17.838655,21.181953
-25.03213,8.692746
-21.4028,4.229398
-14.057247,-23.108541
-17.042871,-15.4123535
-19.144392,-7.0009384
-20.181646,9.054222
-14.274778,-25.971062
-15.073552,18.167933
-14.904808,8.000033
-17.492844,-4.021528
-2.9695408,-22.302261
-12.336983,7.475376
-8.901261,1.4447013
2.6445487,23.146814
12.699096,21.20179
6.217919,-2.1188366
7.1303964,7.5478992
9.352536,4.6006374
4.96118,-19.239939
9.966867,1.7750052
4.9032187,-20.705618
11.512399,-16.519657
10.3995495,3.3617957
10.875577,-4.0581994
10.624458,2.7587092
11.755555,17.349516
11.64017,11.193826
12.88361,14.469456
10.736453,0.55656946
10.350943,0.82991916
-1.7057772,4.19462
5.796707,-4.242842
